Gene	FDR
hsa.let.7a.1	3.63349025907337e-09
hsa.let.7a.2	3.57644024774177e-09
hsa.let.7a.3	6.55882488404936e-09
hsa.let.7b	4.35865608020656e-11
hsa.let.7c	1.33673932492331e-47
hsa.let.7d	3.45791033267489e-66
hsa.let.7e	3.55063508422427e-05
hsa.let.7f.1	0.258508923612959
hsa.let.7f.2	5.15498890007175e-05
hsa.let.7g	2.09119296947214e-26
hsa.let.7i	3.9222666946977e-42
hsa.mir.1.1	0.709653522579933
hsa.mir.1.2	1.22855728010706e-08
hsa.mir.100	1.31102786020749e-38
hsa.mir.101.1	1.30847140045616e-12
hsa.mir.101.2	1.03428801645413e-40
hsa.mir.103.1	2.1728947399376e-17
hsa.mir.103.1.as	0.39470579723053
hsa.mir.103.2	2.57088245825645e-32
hsa.mir.103.2.as	0.611643127055592
hsa.mir.105.1	3.42080669272641e-27
hsa.mir.105.2	2.31229763266463e-30
hsa.mir.106a	1.02553959922381e-15
hsa.mir.106b	7.09683314496189e-50
hsa.mir.107	4.29453567055506e-15
hsa.mir.10a	1.7566692869484e-30
hsa.mir.10b	2.31427974029662e-33
hsa.mir.1178	0.310937933523546
hsa.mir.1179	0.455598678276586
hsa.mir.1180	7.87469613351977e-16
hsa.mir.1181	0.105688998889081
hsa.mir.1182	0.611643127055592
hsa.mir.1184.1	0.236607088556722
hsa.mir.1184.2	0.611643127055592
hsa.mir.1185.1	4.63390799842784e-10
hsa.mir.1185.2	0.000469201052084601
hsa.mir.1193	2.92058029467153e-06
hsa.mir.1197	0.00356988595915081
hsa.mir.1203	0.0625245807209454
hsa.mir.1204	0.501250362655177
hsa.mir.1205	0.677289872324651
hsa.mir.1206	0.604762521381837
hsa.mir.122	0.923651866321328
hsa.mir.1224	2.16761604482251e-12
hsa.mir.1225	0.0983456247433843
hsa.mir.1226	3.69912145490725e-46
hsa.mir.1227	3.70781011885059e-11
hsa.mir.1228	4.49155741434099e-11
hsa.mir.1229	2.40495507242158e-41
hsa.mir.1231	0.19095140451331
hsa.mir.1233.2	0.501250362655177
hsa.mir.1234	0.0016386639412772
hsa.mir.1236	0.000183949468079767
hsa.mir.1237	4.2527198052809e-07
hsa.mir.1238	0.111733172132402
hsa.mir.124.1	0.793069931280697
hsa.mir.124.2	0.653395404430279
hsa.mir.124.3	0.36205730814267
hsa.mir.1243	3.12611526812417e-05
hsa.mir.1244.1	0.709653522579933
hsa.mir.1244.2	0.808266613966743
hsa.mir.1244.3	0.611643127055592
hsa.mir.1245	4.01251059051679e-10
hsa.mir.1246	5.74888471956009e-11
hsa.mir.1247	1.80209129467751e-14
hsa.mir.1248	2.26339650572669e-11
hsa.mir.1249	7.51151237699856e-18
hsa.mir.1250	5.12591059811375e-06
hsa.mir.1251	1.34304001479738e-20
hsa.mir.1252	0.00289714701433009
hsa.mir.1253	0.147709993613495
hsa.mir.1254	2.606358076229e-25
hsa.mir.1255a	6.82151327498377e-09
hsa.mir.1256	0.00446049504627458
hsa.mir.1257	0.00178359690272038
hsa.mir.1258	1.76066527861617e-21
hsa.mir.125a	2.59815607201196e-39
hsa.mir.125b.1	3.16998823701839e-26
hsa.mir.125b.2	2.48179373773887e-45
hsa.mir.126	2.4192903659622e-34
hsa.mir.1260	0.106392510494142
hsa.mir.1260b	0.00837820597924743
hsa.mir.1261	0.604762521381837
hsa.mir.1262	2.02747783717782e-08
hsa.mir.1263	0.604762521381837
hsa.mir.1264	0.0278075693968542
hsa.mir.1265	0.000690924913132262
hsa.mir.1266	4.68506416269555e-19
hsa.mir.1267	0.588263843646094
hsa.mir.1269	1.77703818397013e-12
hsa.mir.127	2.57464113097461e-21
hsa.mir.1270.1	1.68637800222613e-12
hsa.mir.1270.2	1.70377443884611e-14
hsa.mir.1271	1.01474901246355e-47
hsa.mir.1272	0.548120097355053
hsa.mir.1273	0.611643127055592
hsa.mir.1273c	0.406801321926742
hsa.mir.1274a	0.604762521381837
hsa.mir.1274b	3.071428705073e-24
hsa.mir.1275	7.02750864998402e-05
hsa.mir.1276	1.16657420218037e-15
hsa.mir.1277	3.83218526421772e-55
hsa.mir.1278	0.0084321742729446
hsa.mir.128.1	4.4523650871986e-22
hsa.mir.128.2	1.02074864824852e-20
hsa.mir.1280	0.189428179709051
hsa.mir.1281	0.358459280543751
hsa.mir.1282	0.611643127055592
hsa.mir.1283.1	2.63946681790959e-21
hsa.mir.1283.2	3.26690883998053e-22
hsa.mir.1284	8.48243865409486e-07
hsa.mir.1285.1	0.00926325357188959
hsa.mir.1285.2	0.440012417331346
hsa.mir.1286	0.000318968399927331
hsa.mir.1287	1.68606243979729e-24
hsa.mir.1288	2.53713546573436e-09
hsa.mir.1289.1	0.43403651683436
hsa.mir.1289.2	0.918618712829826
hsa.mir.129.1	7.08331779485573e-12
hsa.mir.129.2	1.45672103338381e-15
hsa.mir.1290	0.00973175227973226
hsa.mir.1291	2.44202628921643e-09
hsa.mir.1292	5.15434367912729e-22
hsa.mir.1293	0.331134358299175
hsa.mir.1294	0.0203680328107218
hsa.mir.1295	1.01217588219853e-12
hsa.mir.1296	4.4105408169467e-27
hsa.mir.1297	0.611643127055592
hsa.mir.1298	0.0655135062441562
hsa.mir.1299	0.611643127055592
hsa.mir.1301	3.16174123202181e-71
hsa.mir.1302.3	0.0605054374695669
hsa.mir.1303	0.611643127055592
hsa.mir.1304	9.92761149215096e-22
hsa.mir.1305	0.00166365090196981
hsa.mir.1306	8.73098302130512e-77
hsa.mir.1307	4.13741942596008e-61
hsa.mir.130a	5.67045243556072e-25
hsa.mir.130b	1.72514342892645e-75
hsa.mir.132	2.21967471003211e-08
hsa.mir.1322	0.39470579723053
hsa.mir.1323	0.000101500194716341
hsa.mir.133a.1	0.00351891001799266
hsa.mir.133a.2	0.488454661578039
hsa.mir.133b	0.0436764422999312
hsa.mir.134	7.11233328582651e-29
hsa.mir.135a.1	1.56370004316385e-12
hsa.mir.135a.2	3.64690090905299e-12
hsa.mir.135b	3.62051820991958e-55
hsa.mir.136	7.05835989849303e-16
hsa.mir.137	3.36083905262196e-11
hsa.mir.138.1	6.74832796124145e-26
hsa.mir.138.2	5.48721856766011e-25
hsa.mir.139	1.81184881505473e-19
hsa.mir.140	3.60398412650324e-44
hsa.mir.141	2.99755296152824e-33
hsa.mir.142	7.07613145560709e-42
hsa.mir.143	1.59101952337377e-14
hsa.mir.144	0.0424509709094121
hsa.mir.145	1.80414988240771e-19
hsa.mir.1468	2.606358076229e-25
hsa.mir.1469	0.611643127055592
hsa.mir.146a	2.16973603806827e-28
hsa.mir.146b	1.58499270533646e-34
hsa.mir.147	0.611643127055592
hsa.mir.147b	5.12588248692721e-11
hsa.mir.148a	4.84546668653849e-22
hsa.mir.148b	1.35085380126222e-58
hsa.mir.149	1.53880735425481e-34
hsa.mir.150	4.86765258155011e-16
hsa.mir.151	5.58070902551931e-18
hsa.mir.152	3.96667000667931e-06
hsa.mir.153.1	2.12684826872742e-12
hsa.mir.153.2	3.91355658722106e-31
hsa.mir.1537	4.071768966486e-10
hsa.mir.1538	1.11004261771166e-06
hsa.mir.1539	0.0284769903956487
hsa.mir.154	2.561778198134e-18
hsa.mir.155	3.26654963398293e-26
hsa.mir.15a	1.06046946959757e-11
hsa.mir.15b	4.77530623025778e-35
hsa.mir.16.1	1.95748914894138e-48
hsa.mir.16.2	7.07613145560709e-42
hsa.mir.17	2.9124748769394e-59
hsa.mir.181a.1	5.42954002511581e-07
hsa.mir.181a.2	1.07778488735793e-20
hsa.mir.181b.1	1.27754964852978e-11
hsa.mir.181b.2	8.36777391930164e-17
hsa.mir.181c	6.82463145575185e-05
hsa.mir.181d	2.10024812686756e-07
hsa.mir.182	1.14611821366012e-07
hsa.mir.1825	0.78729246146543
hsa.mir.1827	0.0187171796648285
hsa.mir.183	3.97358582492858e-12
hsa.mir.184	5.0999646944591e-15
hsa.mir.185	2.65868194035708e-24
hsa.mir.186	6.05320605032011e-68
hsa.mir.187	6.75601883771042e-13
hsa.mir.188	4.87660781513587e-62
hsa.mir.18a	9.0539414235986e-67
hsa.mir.18b	1.6039134538604e-11
hsa.mir.190	0.000566538184904454
hsa.mir.1908	0.00230437042623034
hsa.mir.1909	0.0137758252523397
hsa.mir.190b	5.27315242416635e-67
hsa.mir.191	4.28134767018644e-46
hsa.mir.1910	3.54220572972721e-15
hsa.mir.1911	0.00569695390571857
hsa.mir.1912	0.968109257003797
hsa.mir.1913	0.0418830524027421
hsa.mir.1914	3.2147631986274e-11
hsa.mir.1915	5.77175681348162e-18
hsa.mir.192	4.11990323675522e-28
hsa.mir.193a	9.22785118821084e-09
hsa.mir.193b	1.41980745541285e-28
hsa.mir.194.1	0.384133938990574
hsa.mir.194.2	0.131850857188523
hsa.mir.195	2.03542364778207e-17
hsa.mir.196a.1	0.00175943349472014
hsa.mir.196a.2	1.94216576105743e-06
hsa.mir.196b	5.67779699084779e-41
hsa.mir.197	1.40605314111604e-72
hsa.mir.1972.1	0.618277532039015
hsa.mir.1976	1.70843615925323e-22
hsa.mir.198	0.131912587753495
hsa.mir.199a.1	2.75019162815438e-20
hsa.mir.199a.2	6.88528936785598e-22
hsa.mir.199b	5.08128055139079e-24
hsa.mir.19a	5.50295548836507e-43
hsa.mir.19b.1	1.82741341995684e-39
hsa.mir.19b.2	1.94805010805904e-35
hsa.mir.200a	9.80440983775185e-13
hsa.mir.200b	1.02273897874223e-07
hsa.mir.200c	1.60190051399976e-25
hsa.mir.202	3.12251578722343e-14
hsa.mir.203	7.62942603966248e-09
hsa.mir.204	2.74482358150221e-23
hsa.mir.205	2.00942533742033e-05
hsa.mir.206	2.52469066818303e-13
hsa.mir.208a	0.511811898890257
hsa.mir.208b	0.0006157881024816
hsa.mir.20a	3.72141252154179e-42
hsa.mir.20b	0.134383535221141
hsa.mir.21	0.000147956167220073
hsa.mir.210	8.31240810673684e-67
hsa.mir.211	0.0089950211791236
hsa.mir.2110	5.47808111608045e-20
hsa.mir.2113	3.70849756164013e-05
hsa.mir.2114	2.72154324254856e-08
hsa.mir.2115	1.44996336089068e-07
hsa.mir.2116	3.49609318871058e-18
hsa.mir.2117	0.00382987301638625
hsa.mir.212	1.64343202884109e-13
hsa.mir.214	2.98020890003618e-12
hsa.mir.215	7.58810279142164e-06
hsa.mir.216a	0.000147561445916362
hsa.mir.216b	0.0210721641721374
hsa.mir.217	1.2675802223092e-12
hsa.mir.218.1	1.70377443884611e-14
hsa.mir.218.2	4.54292180218016e-22
hsa.mir.219.1	4.53914770289777e-11
hsa.mir.219.2	0.0565575554641831
hsa.mir.22	6.40045492690083e-10
hsa.mir.221	1.01751692298584e-30
hsa.mir.222	3.17659213979805e-50
hsa.mir.223	4.39935429656928e-34
hsa.mir.224	5.84254477721441e-42
hsa.mir.2276	1.59132205829675e-09
hsa.mir.2277	4.36957450104366e-37
hsa.mir.2278	0.248703497985965
hsa.mir.2355	7.34638210028256e-22
hsa.mir.23a	9.9722717528238e-40
hsa.mir.23b	1.5483157935176e-21
hsa.mir.23c	0.604762521381837
hsa.mir.24.1	7.80325417464891e-29
hsa.mir.24.2	4.74140151669368e-40
hsa.mir.25	9.23879435344043e-28
hsa.mir.26a.1	1.35416403574216e-37
hsa.mir.26a.2	1.14787101207755e-08
hsa.mir.26b	1.30847140045616e-12
hsa.mir.27a	4.353140766074e-22
hsa.mir.27b	4.32720216391348e-05
hsa.mir.28	1.43545942232752e-24
hsa.mir.2861	0.515507184231269
hsa.mir.296	4.28716424103254e-16
hsa.mir.298	0.129373212313146
hsa.mir.299	4.53518100264831e-13
hsa.mir.29a	5.9370421432014e-15
hsa.mir.29b.1	3.46505460236525e-16
hsa.mir.29b.2	1.0251901405987e-19
hsa.mir.29c	4.84435094352091e-17
hsa.mir.301a	2.78343941549596e-69
hsa.mir.301b	5.18723029632884e-62
hsa.mir.302a	0.317334846290186
hsa.mir.302b	0.548120097355053
hsa.mir.302c	0.611643127055592
hsa.mir.302d	0.975637500588144
hsa.mir.3065	0.000338520214060854
hsa.mir.3074	3.98402046349894e-48
hsa.mir.30a	4.06492299828433e-11
hsa.mir.30b	2.93658021160439e-07
hsa.mir.30c.1	3.5729703793224e-20
hsa.mir.30c.2	0.0454733286244179
hsa.mir.30d	0.0137359995576218
hsa.mir.30e	5.68654405375461e-35
hsa.mir.31	8.05195902458222e-23
hsa.mir.3115	0.000291547528497708
hsa.mir.3116.1	0.0111031315740272
hsa.mir.3116.2	0.00580658950735724
hsa.mir.3117	0.386991797882373
hsa.mir.3119.2	0.611643127055592
hsa.mir.3120	0.485830042160522
hsa.mir.3121	0.561671322423751
hsa.mir.3122	0.728430263217529
hsa.mir.3124	0.520716948586571
hsa.mir.3125	0.0492958205557141
hsa.mir.3126	0.0436334614404285
hsa.mir.3127	5.21241239815198e-26
hsa.mir.3128	0.481369718492339
hsa.mir.3129	0.000133756234292402
hsa.mir.3130.1	1.71151379888046e-06
hsa.mir.3130.2	0.605014338475694
hsa.mir.3131	0.0212874983964172
hsa.mir.3132	6.70965949954876e-07
hsa.mir.3133	0.487315305899558
hsa.mir.3135	0.455598678276586
hsa.mir.3136	1.35565718256152e-26
hsa.mir.3137	2.7685858878852e-08
hsa.mir.3138	4.77628484952025e-08
hsa.mir.3139	0.00874629250492164
hsa.mir.3140	4.20740327899242e-09
hsa.mir.3141	0.501250362655177
hsa.mir.3142	0.469881229033655
hsa.mir.3143	0.00694882898825205
hsa.mir.3144	0.201706376434479
hsa.mir.3145	3.64515998437534e-14
hsa.mir.3146	0.0313080297685025
hsa.mir.3147	0.450448165697499
hsa.mir.3148	0.965146949120232
hsa.mir.3149	0.0859677112745425
hsa.mir.3150	1.84406512321059e-05
hsa.mir.3150b	2.52520748013372e-10
hsa.mir.3151	0.14432958036638
hsa.mir.3152	0.134989623607849
hsa.mir.3153	0.663235810741332
hsa.mir.3154	0.511811898890257
hsa.mir.3155	0.000850506433113679
hsa.mir.3156.1	2.86397105439016e-11
hsa.mir.3156.2	1.80533315239025e-14
hsa.mir.3156.3	8.4569111375553e-16
hsa.mir.3157	9.45703441506699e-12
hsa.mir.3158.1	0.000545786525527823
hsa.mir.3158.2	0.0492958205557141
hsa.mir.3159	0.0617445944645264
hsa.mir.3160.1	0.795582873294073
hsa.mir.3160.2	0.724631968120336
hsa.mir.3161	0.00253959504449115
hsa.mir.3162	0.975160254010991
hsa.mir.3163	0.938525811718241
hsa.mir.3164	4.70938572568049e-07
hsa.mir.3165	0.0570029593934105
hsa.mir.3166	0.000224635632013115
hsa.mir.3167	0.130828960768396
hsa.mir.3168	0.975637500588144
hsa.mir.3169	0.282226312135079
hsa.mir.3170	2.63017271527024e-48
hsa.mir.3171	0.880882668256703
hsa.mir.3173	3.09326665663097e-13
hsa.mir.3174	1.57469729346629e-06
hsa.mir.3175	0.352052115280039
hsa.mir.3176	6.07784718055446e-11
hsa.mir.3177	0.0107356860528813
hsa.mir.3178	0.00293018405416712
hsa.mir.3179.1	0.119123659458417
hsa.mir.3179.2	0.162858341338358
hsa.mir.3179.3	0.0979129763857028
hsa.mir.3180.1	0.665220722591091
hsa.mir.3180.2	0.611643127055592
hsa.mir.3180.3	0.341122390498681
hsa.mir.3180.4	0.0693771777135018
hsa.mir.3181	0.43186227487894
hsa.mir.3182	0.611643127055592
hsa.mir.3183	0.467421673736146
hsa.mir.3184	0.0121150590619326
hsa.mir.3185	0.665220722591091
hsa.mir.3186	1.39299437993994e-14
hsa.mir.3187	1.67665635809261e-13
hsa.mir.3188	0.0442353871220637
hsa.mir.3189	0.00200758117349057
hsa.mir.3190	3.43055209216652e-09
hsa.mir.3191	9.97986853191437e-11
hsa.mir.3192	1.3114593390617e-06
hsa.mir.3193	0.128992658355468
hsa.mir.3194	5.35576487396958e-09
hsa.mir.3195	8.48444772989443e-08
hsa.mir.3196	0.116102021754538
hsa.mir.3197	0.0580385727080377
hsa.mir.3198	0.000521463720613336
hsa.mir.3199.1	3.62140963105291e-08
hsa.mir.3199.2	5.12588248692721e-11
hsa.mir.32	4.65379361169443e-18
hsa.mir.3200	1.87817103015709e-61
hsa.mir.3202.1	0.0368776162595448
hsa.mir.3202.2	0.807974096657858
hsa.mir.320a	0.384133938990574
hsa.mir.320b.1	0.40144722762687
hsa.mir.320b.2	6.13832637616146e-21
hsa.mir.320c.1	4.84981137094766e-09
hsa.mir.320c.2	0.0769827368072488
hsa.mir.320d.1	0.000229445629900042
hsa.mir.320d.2	0.00210565106186005
hsa.mir.320e	0.00340529988390322
hsa.mir.323	3.25024723498414e-25
hsa.mir.323b	1.92130585061074e-43
hsa.mir.324	3.57812742140238e-73
hsa.mir.325	0.548120097355053
hsa.mir.326	5.51598916884595e-33
hsa.mir.328	1.41650675601658e-64
hsa.mir.329.1	4.948485873939e-07
hsa.mir.329.2	0.0212100254152245
hsa.mir.330	6.95890979163647e-23
hsa.mir.331	7.02196976626477e-60
hsa.mir.335	0.0173415717093096
hsa.mir.337	1.15068608218429e-27
hsa.mir.338	2.09891051659099e-05
hsa.mir.339	5.53185128311429e-38
hsa.mir.33a	2.47128644718367e-54
hsa.mir.33b	7.5301471837639e-46
hsa.mir.340	6.61862208917016e-18
hsa.mir.342	3.24829636792119e-24
hsa.mir.345	2.74977165643038e-65
hsa.mir.346	0.00209702673724463
hsa.mir.34a	2.23654971079813e-10
hsa.mir.34b	0.000122950108660147
hsa.mir.34c	1.30672673374015e-21
hsa.mir.3605	2.23883479376862e-57
hsa.mir.3606	0.0152680259905628
hsa.mir.3607	3.11028439910407e-53
hsa.mir.3609	0.455598678276586
hsa.mir.361	1.76382109097329e-17
hsa.mir.3610	6.75601883771042e-13
hsa.mir.3611	0.104607181842332
hsa.mir.3612	0.00031708206971169
hsa.mir.3613	1.15068608218429e-27
hsa.mir.3614	1.14288318933384e-13
hsa.mir.3615	1.2249695565225e-14
hsa.mir.3616	0.000423000165727758
hsa.mir.3617	0.0342560957620239
hsa.mir.3618	9.85912337725472e-06
hsa.mir.3619	4.99770407291583e-22
hsa.mir.362	4.66471983410198e-24
hsa.mir.3620	3.67188538176393e-11
hsa.mir.3621	0.775983323685102
hsa.mir.3622a	4.81988510630944e-10
hsa.mir.3622b	0.0122384698261332
hsa.mir.363	0.170732664835795
hsa.mir.3646	0.738153313846482
hsa.mir.3647	6.30438919451537e-40
hsa.mir.3648	8.08320659706069e-27
hsa.mir.365.1	6.49494481954416e-14
hsa.mir.365.2	8.59662046368315e-16
hsa.mir.3650	0.00164455522832464
hsa.mir.3651	8.51690138297124e-18
hsa.mir.3652	1.06932520963699e-17
hsa.mir.3653	4.95110062022968e-32
hsa.mir.3654	0.226728028931344
hsa.mir.3655	0.333175155007427
hsa.mir.3656	0.000381637664341185
hsa.mir.3657	0.126065342815497
hsa.mir.3658	0.370855378284674
hsa.mir.3659	0.845863167336689
hsa.mir.3660	0.398439490686246
hsa.mir.3661	0.271958550889816
hsa.mir.3662	2.47725149737497e-12
hsa.mir.3663	0.00208495181236365
hsa.mir.3664	4.29277991531962e-32
hsa.mir.3665	0.224242162594856
hsa.mir.3667	0.00130647225027356
hsa.mir.3668	0.548120097355053
hsa.mir.3674	0.665220722591091
hsa.mir.3675	0.185038869009141
hsa.mir.3676	1.69425781379779e-29
hsa.mir.3677	1.45454092278514e-33
hsa.mir.3678	3.16277689025884e-18
hsa.mir.3679	0.00557740547580739
hsa.mir.3680	2.73286936687476e-22
hsa.mir.3681	0.000339814361155848
hsa.mir.3682	2.25588690951414e-33
hsa.mir.3683	0.709393423951979
hsa.mir.3684	0.00209702673724463
hsa.mir.3685	0.548120097355053
hsa.mir.3687	1.52170750771543e-16
hsa.mir.3688	0.0977939471030112
hsa.mir.3689a	0.795277961890988
hsa.mir.3689b	0.665220722591091
hsa.mir.369	1.06093320838245e-16
hsa.mir.3690	0.000370638465897245
hsa.mir.3691	2.29109589453476e-13
hsa.mir.3692	0.332981875857887
hsa.mir.370	4.06085095862133e-19
hsa.mir.371	0.0523790377476978
hsa.mir.372	0.0985891092877439
hsa.mir.373	0.116102021754538
hsa.mir.374a	1.00868963704835e-10
hsa.mir.374b	8.97605013929261e-12
hsa.mir.374c	8.84890503765806e-10
hsa.mir.375	4.05227289799327e-40
hsa.mir.376a.1	2.272913867249e-09
hsa.mir.376a.2	5.41694156900473e-05
hsa.mir.376b	1.53318430872781e-06
hsa.mir.376c	2.80600322042146e-08
hsa.mir.377	1.09661636530889e-12
hsa.mir.378	3.60398412650324e-44
hsa.mir.378b	0.160029911690816
hsa.mir.378c	9.17724694237908e-37
hsa.mir.379	2.3677151405266e-33
hsa.mir.380	6.14022903931054e-13
hsa.mir.381	4.11395786936861e-37
hsa.mir.382	2.90648136480474e-20
hsa.mir.383	1.15857330787978e-17
hsa.mir.3907	0.125776409636597
hsa.mir.3909	8.76229620834125e-10
hsa.mir.3910.2	0.120985252864632
hsa.mir.3911	1.92810618222263e-06
hsa.mir.3912	0.130652013642542
hsa.mir.3913.1	0.0168752074396069
hsa.mir.3913.2	0.443645628399933
hsa.mir.3914.1	0.066830494693072
hsa.mir.3914.2	0.556916015300576
hsa.mir.3915	0.583682294735571
hsa.mir.3916	0.500157036043656
hsa.mir.3917	8.62862620942342e-06
hsa.mir.3918	0.464469442456822
hsa.mir.3919	6.3740133816992e-05
hsa.mir.3920	0.628888502500098
hsa.mir.3921	0.657811754529147
hsa.mir.3922	4.23553372471851e-17
hsa.mir.3923	0.00740327110043228
hsa.mir.3925	0.000281467104760468
hsa.mir.3926.1	1.8987271089933e-16
hsa.mir.3926.2	1.75457959832475e-09
hsa.mir.3927	0.000339413665668186
hsa.mir.3928	7.49461494217293e-53
hsa.mir.3929	0.187545046542004
hsa.mir.3934	6.21656928057547e-22
hsa.mir.3935	0.0181855301679433
hsa.mir.3936	0.264095477774598
hsa.mir.3937	0.106392510494142
hsa.mir.3938	0.00110834656102448
hsa.mir.3939	0.000622145647787694
hsa.mir.3940	6.09308158645868e-34
hsa.mir.3941	1.40432095700069e-06
hsa.mir.3942	1.08127366699341e-05
hsa.mir.3943	0.976260507063629
hsa.mir.3944	3.48725613866632e-12
hsa.mir.3945	0.161411422035719
hsa.mir.409	1.93072673998859e-21
hsa.mir.410	1.27592820276935e-32
hsa.mir.411	3.67468830134388e-20
hsa.mir.412	3.39733520221383e-05
hsa.mir.421	2.04401887488646e-24
hsa.mir.422a	0.0139858711065616
hsa.mir.423	3.11304390926893e-42
hsa.mir.424	2.93417558897656e-23
hsa.mir.425	5.80141263618131e-17
hsa.mir.4254	2.05630309092725e-06
hsa.mir.4258	0.451090935232303
hsa.mir.4259	0.695101413008399
hsa.mir.4263	0.282226312135079
hsa.mir.4264	0.282226312135079
hsa.mir.4265	0.548120097355053
hsa.mir.4273	0.604762521381837
hsa.mir.4278	0.39470579723053
hsa.mir.4279	0.741026495161273
hsa.mir.4281	0.282226312135079
hsa.mir.4284	0.492490777882057
hsa.mir.4286	6.49472446529175e-06
hsa.mir.4289	0.611643127055592
hsa.mir.429	5.9370421432014e-15
hsa.mir.4292	0.611643127055592
hsa.mir.4295	0.604762521381837
hsa.mir.4296	0.695030176241242
hsa.mir.4306	0.0218233069950133
hsa.mir.431	7.86889927910881e-16
hsa.mir.4310	0.400371066231609
hsa.mir.4312	0.604762521381837
hsa.mir.4315.1	0.113457221420951
hsa.mir.4315.2	0.310937933523546
hsa.mir.432	2.35750018703585e-23
hsa.mir.4320	0.548120097355053
hsa.mir.4321	0.201246841370896
hsa.mir.4322	0.920325125338724
hsa.mir.4324	0.282226312135079
hsa.mir.4326	2.77097815462983e-13
hsa.mir.433	1.86068581812338e-07
hsa.mir.448	0.00382367112079628
hsa.mir.449a	4.81140388334937e-17
hsa.mir.449b	8.15587795987813e-10
hsa.mir.449c	3.38415725945423e-08
hsa.mir.450a.1	3.37830280914011e-07
hsa.mir.450a.2	5.1566777887502e-07
hsa.mir.450b	8.95790802601663e-05
hsa.mir.451	0.0368782884701744
hsa.mir.452	5.35358130420069e-48
hsa.mir.454	4.86973000840184e-53
hsa.mir.455	4.25880079398932e-66
hsa.mir.466	0.00277450051645391
hsa.mir.483	3.78725768358314e-16
hsa.mir.484	8.85445865494891e-56
hsa.mir.485	1.55745045708098e-10
hsa.mir.486	0.0334836723031535
hsa.mir.487a	2.86137784674737e-14
hsa.mir.487b	3.70906332049259e-12
hsa.mir.488	8.14293465536925e-20
hsa.mir.489	0.00081589517319968
hsa.mir.490	0.276406205001602
hsa.mir.491	1.01566075721034e-28
hsa.mir.492	0.0307152813565768
hsa.mir.493	1.13351753598148e-10
hsa.mir.494	5.39823793081538e-09
hsa.mir.495	3.02157339466839e-12
hsa.mir.496	5.69201428768956e-16
hsa.mir.497	1.84008983326407e-08
hsa.mir.498	0.00480182371450923
hsa.mir.499	0.00569695390571857
hsa.mir.500a	1.07258404684414e-38
hsa.mir.500b	2.09620494487184e-40
hsa.mir.501	7.3254458562474e-45
hsa.mir.502	3.23002230017048e-41
hsa.mir.503	1.09212404632536e-23
hsa.mir.504	7.64301706353715e-09
hsa.mir.505	2.2518551236258e-80
hsa.mir.506	0.000650599946283615
hsa.mir.507	0.0414367863384612
hsa.mir.508	0.35695001406784
hsa.mir.509.1	7.7778532003755e-19
hsa.mir.509.2	5.90699135446591e-20
hsa.mir.509.3	1.6730966146235e-20
hsa.mir.510	0.312487570089237
hsa.mir.511.1	1.32369240455465e-22
hsa.mir.511.2	6.1043073522572e-24
hsa.mir.512.1	4.54583721087074e-07
hsa.mir.512.2	4.04524954993961e-06
hsa.mir.513a.1	0.00595296761732879
hsa.mir.513a.2	0.281613182150789
hsa.mir.513b	0.0789838972643134
hsa.mir.513c	0.375155585690234
hsa.mir.514.1	0.0633882472592015
hsa.mir.514.2	0.0231364159431442
hsa.mir.514.3	0.612304391271341
hsa.mir.514b	0.115136917833546
hsa.mir.515.1	0.00617226144474874
hsa.mir.515.2	0.00837820597924743
hsa.mir.516a.1	2.22084209348656e-28
hsa.mir.516a.2	5.03908876389026e-31
hsa.mir.516b.1	1.51691485015823e-07
hsa.mir.516b.2	2.2944473694736e-07
hsa.mir.517a	5.48988447936688e-09
hsa.mir.517b	5.48504981095424e-09
hsa.mir.517c	0.000205942315359343
hsa.mir.518a.1	8.84505640833986e-11
hsa.mir.518a.2	8.97686285402525e-11
hsa.mir.518b	7.17612730718871e-09
hsa.mir.518c	2.68839389884858e-06
hsa.mir.518d	0.00374669794019148
hsa.mir.518e	4.44921659511041e-19
hsa.mir.518f	7.48129154365308e-06
hsa.mir.519a.1	1.20136068873897e-32
hsa.mir.519a.2	3.11524544417708e-28
hsa.mir.519b	0.00320496079232741
hsa.mir.519c	4.60280058740331e-07
hsa.mir.519d	0.000657798619286409
hsa.mir.519e	0.0859677112745425
hsa.mir.520a	4.03719345967702e-12
hsa.mir.520b	4.87006138039614e-16
hsa.mir.520c	3.18293434033786e-05
hsa.mir.520d	1.84378388414248e-05
hsa.mir.520e	1.85348635291707e-08
hsa.mir.520f	1.44135612316942e-06
hsa.mir.520g	2.60235307835577e-05
hsa.mir.520h	0.000746203333510795
hsa.mir.521.1	3.36714196209762e-23
hsa.mir.521.2	3.877645303263e-23
hsa.mir.522	1.05888832767232e-36
hsa.mir.523	0.0278331621107835
hsa.mir.524	0.102184849719922
hsa.mir.525	7.28999193177396e-05
hsa.mir.526a.1	0.537121200658765
hsa.mir.526a.2	0.263215165623953
hsa.mir.526b	8.79386036616862e-12
hsa.mir.527	3.65974431248269e-17
hsa.mir.532	1.33184002840832e-42
hsa.mir.539	1.45018926843707e-33
hsa.mir.541	2.48778038689821e-09
hsa.mir.542	1.864914416782e-18
hsa.mir.543	1.16347855122582e-09
hsa.mir.544	0.8876842174877
hsa.mir.544b	0.330175057519286
hsa.mir.545	4.99237937388533e-40
hsa.mir.548a.1	0.604762521381837
hsa.mir.548a.3	6.72861153264814e-09
hsa.mir.548b	6.49966988693866e-27
hsa.mir.548d.1	5.09196226569532e-18
hsa.mir.548d.2	1.92002549874162e-21
hsa.mir.548e	0.0207848528821714
hsa.mir.548f.1	1.51895388775458e-12
hsa.mir.548f.4	0.401319185806155
hsa.mir.548f.5	0.282226312135079
hsa.mir.548h.1	0.0625245807209454
hsa.mir.548h.3	0.604762521381837
hsa.mir.548j	1.84461787571937e-05
hsa.mir.548k	0.00065471033365631
hsa.mir.548l	0.000321991073443085
hsa.mir.548n	0.0240734028589448
hsa.mir.548o	1.02540172770416e-07
hsa.mir.548p	0.182000647503963
hsa.mir.548q	0.00196214144053604
hsa.mir.548s	1.24932733707638e-27
hsa.mir.548t	0.000168214485498565
hsa.mir.548u	0.084014093488741
hsa.mir.548v	1.75991613913859e-15
hsa.mir.548w	0.124395063718857
hsa.mir.548x	8.35100174655566e-05
hsa.mir.548y	0.146309883608992
hsa.mir.549	0.00594590586396884
hsa.mir.550a.1	2.45030796905561e-43
hsa.mir.550a.2	2.41069102171595e-37
hsa.mir.550b.1	0.403426747634401
hsa.mir.550b.2	0.611932405271265
hsa.mir.551a	3.39331023482788e-17
hsa.mir.551b	2.22084209348656e-28
hsa.mir.552	3.2687300721938e-06
hsa.mir.553	0.611932405271265
hsa.mir.554	0.811293839152198
hsa.mir.555	0.134850754856901
hsa.mir.556	0.0654518792422181
hsa.mir.557	0.39470579723053
hsa.mir.559	1.03480610363576e-14
hsa.mir.561	0.00408847218916399
hsa.mir.562	0.611643127055592
hsa.mir.563	0.201246841370896
hsa.mir.564	0.414439876011452
hsa.mir.567	0.635679448824763
hsa.mir.569	0.39470579723053
hsa.mir.570	2.91731963549739e-10
hsa.mir.571	0.514635391988369
hsa.mir.572	0.000577875651501769
hsa.mir.573	1.40432095700069e-06
hsa.mir.574	1.57859770161696e-44
hsa.mir.575	0.405973939673266
hsa.mir.576	1.03765241794953e-55
hsa.mir.577	3.91599696609004e-63
hsa.mir.578	0.850349420165899
hsa.mir.579	1.58431499367428e-32
hsa.mir.580	1.25969257234264e-07
hsa.mir.581	1.84073983457689e-13
hsa.mir.582	4.65305342395164e-13
hsa.mir.583	0.611643127055592
hsa.mir.584	2.98088638078634e-47
hsa.mir.585	0.000507356452470437
hsa.mir.586	0.905573682368691
hsa.mir.587	0.548120097355053
hsa.mir.588	9.51591764994738e-17
hsa.mir.589	5.28119149295665e-13
hsa.mir.590	2.96616883806765e-64
hsa.mir.591	0.604762521381837
hsa.mir.592	1.41871218965399e-31
hsa.mir.593	0.328745466106966
hsa.mir.595	0.611643127055592
hsa.mir.596	0.43532587752421
hsa.mir.597	1.13931843663805e-07
hsa.mir.598	1.07902773067401e-12
hsa.mir.599	0.000270601354892552
hsa.mir.600	0.348413961017102
hsa.mir.601	0.611643127055592
hsa.mir.602	0.452389043888658
hsa.mir.603	0.0202235648934569
hsa.mir.604	0.0238302327421791
hsa.mir.605	0.00192422789470414
hsa.mir.606	0.930504522061271
hsa.mir.607	0.686350663603895
hsa.mir.609	0.920888430196632
hsa.mir.610	0.265679599137728
hsa.mir.611	0.59815277255099
hsa.mir.612	0.552710172148862
hsa.mir.613	0.604762521381837
hsa.mir.614	0.0681928041436687
hsa.mir.615	4.28624138034225e-24
hsa.mir.616	1.32974323025231e-65
hsa.mir.617	0.0836701446527354
hsa.mir.618	1.23845199082706e-05
hsa.mir.621	0.725873365936973
hsa.mir.622	0.774104268338152
hsa.mir.623	0.588178309505981
hsa.mir.624	0.000918029883629532
hsa.mir.625	0.00264153894343957
hsa.mir.626	0.604762521381837
hsa.mir.627	2.46757337887519e-06
hsa.mir.628	1.58409475115089e-59
hsa.mir.629	8.36395895178566e-21
hsa.mir.630	0.923998301303937
hsa.mir.631	0.299590389085439
hsa.mir.632	0.00266790098812193
hsa.mir.635	0.904676563124521
hsa.mir.636	2.08606054780901e-29
hsa.mir.637	0.556916015300576
hsa.mir.638	0.166142410940766
hsa.mir.639	0.000812041896969316
hsa.mir.640	0.611643127055592
hsa.mir.641	0.00237423078070022
hsa.mir.642a	8.18583500513095e-38
hsa.mir.642b	0.68026454345378
hsa.mir.643	9.40224875349896e-07
hsa.mir.644	0.645188290352675
hsa.mir.645	0.440012417331346
hsa.mir.647	0.615703069451155
hsa.mir.648	0.604762521381837
hsa.mir.650	0.367266929120586
hsa.mir.651	1.11939104080254e-08
hsa.mir.652	3.70458882025572e-13
hsa.mir.653	1.0884744314833e-10
hsa.mir.654	6.75561126405499e-14
hsa.mir.655	4.61179215473295e-16
hsa.mir.656	7.00381313098135e-12
hsa.mir.657	0.79816315965408
hsa.mir.658	5.28511238540061e-05
hsa.mir.659	1.9583382774176e-15
hsa.mir.660	4.72000813341125e-33
hsa.mir.661	0.611643127055592
hsa.mir.662	4.20740327899242e-09
hsa.mir.663	3.34135741656582e-09
hsa.mir.663b	0.281613182150789
hsa.mir.664	3.71482994866584e-11
hsa.mir.665	2.21967471003211e-08
hsa.mir.668	0.000415724183340381
hsa.mir.670	0.0118456041477042
hsa.mir.671	1.12668827946916e-53
hsa.mir.675	9.86837018054014e-24
hsa.mir.676	1.9783078103893e-12
hsa.mir.7.1	4.56750100209429e-37
hsa.mir.7.2	1.17391314603546e-08
hsa.mir.7.3	5.74888471956009e-11
hsa.mir.708	5.06515169169748e-09
hsa.mir.718	0.436751369818274
hsa.mir.720	0.00228837679816218
hsa.mir.744	4.76869906790986e-50
hsa.mir.758	3.54558528097708e-26
hsa.mir.760	1.08535297240085e-31
hsa.mir.761	0.501250362655177
hsa.mir.762	0.611643127055592
hsa.mir.765	1.29246463909887e-09
hsa.mir.766	4.21327574032632e-49
hsa.mir.767	8.51634206270181e-21
hsa.mir.769	5.51598916884595e-33
hsa.mir.770	0.00030497439620016
hsa.mir.802	7.97571589106222e-21
hsa.mir.873	8.08636534812662e-11
hsa.mir.874	3.74203248023848e-46
hsa.mir.875	0.164670985398896
hsa.mir.876	3.38415725945423e-08
hsa.mir.877	7.72936548094199e-58
hsa.mir.885	1.3322908289763e-10
hsa.mir.887	3.39053389435993e-25
hsa.mir.888	0.203855214967958
hsa.mir.889	1.6413151399669e-31
hsa.mir.890	0.405973939673266
hsa.mir.891a	0.00185352771024689
hsa.mir.891b	0.0446836163189665
hsa.mir.892a	0.00856794597591925
hsa.mir.892b	0.0125119397811691
hsa.mir.9.1	2.63462246769135e-38
hsa.mir.9.2	6.29472549933138e-38
hsa.mir.9.3	7.08295865075168e-27
hsa.mir.921	0.566570971347607
hsa.mir.922	0.573651802817483
hsa.mir.92a.1	8.30590588679576e-37
hsa.mir.92a.2	3.57195944555119e-48
hsa.mir.92b	3.32960814800943e-07
hsa.mir.93	6.51911995695116e-38
hsa.mir.933	0.0214684217144795
hsa.mir.934	6.11277195064045e-56
hsa.mir.935	2.41496148067755e-09
hsa.mir.936	0.440012417331346
hsa.mir.937	4.07295270813654e-42
hsa.mir.938	4.3269050959623e-05
hsa.mir.939	1.27592820276935e-32
hsa.mir.940	4.71670835658062e-45
hsa.mir.941.1	0.103185164902635
hsa.mir.942	4.64905141501051e-53
hsa.mir.943	0.0047069833402293
hsa.mir.944	9.03511543293318e-22
hsa.mir.95	6.1693972720181e-05
hsa.mir.96	4.65009345300534e-11
hsa.mir.98	9.01006148533228e-30
hsa.mir.99a	2.27954634472882e-42
hsa.mir.99b	2.16975025448513e-57
